date,spread,ratevol,fed_mbs_chg,bank_chg,fair_value,residual,crowding_score
2003-01-31,1.9000000000000004,0.07788575271633799,0.0,-13.923999999999978,2.149154031292208,-0.2491540312922078,43.34972132600366
2003-02-28,2.08,0.038901585229054576,0.0,40.24160000000006,1.7903861628538558,0.2896138371461443,48.610775927145504
2003-03-31,2.08,0.06577016257935173,0.0,-6.358699999999999,2.0349771731646977,0.04502282683530234,40.62707085174993
2003-04-30,1.9,0.04859453232029948,0.0,60.566699999999855,1.8893540550802352,0.010645944919764672,52.37368442627627
2003-05-31,1.9399999999999995,0.05278437719809291,0.0,10.404800000000023,1.9151004770697964,0.024899522930203144,49.276565639195454
2003-06-30,1.7000000000000002,0.07166722037438414,0.0,12.877700000000004,2.0971732700912336,-0.3971732700912334,52.35465956497174
2003-07-31,1.4500000000000002,0.07794686835091164,0.0,-35.468200000000024,2.1435157222416072,-0.6935157222416071,58.75682912616806
2003-08-31,1.87,0.08823939299536547,0.0,-38.137500000000045,2.2415978636355294,-0.37159786363552927,41.269126553696495
2003-09-30,2.0200000000000005,0.07914122398177456,0.0,-1.2974999999999,2.164860550657979,-0.14486055065797876,39.055480583818785
2003-10-31,1.6100000000000003,0.07098624950684226,0.0,42.865099999999984,2.099297944472058,-0.48929794447205754,55.979296796828095
2003-11-30,1.5499999999999998,0.06660473313654636,0.0,0.5946000000001277,2.045001901804212,-0.495001901804212,58.832593374438055
2003-12-31,1.58,0.05536029176911895,0.0,7.576399999999921,1.9390232936297807,-0.3590232936297806,60.95526425806416
2004-01-31,1.5199999999999996,0.0708149836176071,0.0,3.38149999999996,2.086244086639735,-0.5662440866397356,58.72133530216468
2004-02-29,1.5899999999999999,0.04311667448966452,0.0,61.74189999999999,1.8370821372052628,-0.24708213720526295,64.38956679292329
2004-03-31,1.5400000000000005,0.061473958869164166,0.0,24.563300000000027,2.0026497888221333,-0.4626497888221328,60.80235115598561
2004-04-30,1.4799999999999995,0.06600144298566915,0.0,-8.876600000000053,2.036470923132671,-0.5564709231326717,61.258832771334724
2004-05-31,1.6600000000000001,0.05784626587940268,0.0,-14.617299999999886,1.956486601463255,-0.2964866014632548,57.34788793018645
2004-06-30,1.63,0.06485514995889322,0.0,14.53710000000001,2.0322269624559297,-0.4022269624559298,56.71879740069307
2004-07-31,1.58,0.05749534142619166,0.0,-24.198300000000017,1.9503477148417125,-0.37034771484171247,60.068678724536824
2004-08-31,1.6900000000000004,0.051218486246016735,0.0,13.96329999999989,1.901089289299067,-0.21108928929906656,58.438402453458664
2004-09-30,1.58,0.05408106789590937,0.0,-10.452599999999848,1.9215275696993108,-0.34152756969931075,61.12682203702689
2004-10-31,1.5899999999999999,0.047739371791506564,0.0,-13.77760000000012,1.8596586581533234,-0.26965865815332357,62.463120042874586
2004-11-30,1.3599999999999994,0.045841341291771136,0.0,8.500999999999976,1.8478667237600772,-0.4878667237600778,70.31410605985835
2004-12-31,1.5699999999999994,0.05208966628164773,0.0,12.909000000000106,1.9091517998950596,-0.33915179989506017,62.21615312203121
2005-01-31,1.5200000000000005,0.029912571015577625,0.0,20.692599999999857,1.6984033756801251,-0.17840337568012465,69.50183263420003
2005-02-28,1.33,0.04618802153517079,0.0,20.97720000000004,1.8548014275942504,-0.5248014275942503,71.20749897945376
2005-03-31,1.54,0.0559974489214851,0.0,-21.548099999999977,1.9367271537298045,-0.3967271537298045,61.83344876127024
2005-04-30,1.5700000000000003,0.04587768416956101,0.0,-9.636399999999867,1.8429748966797859,-0.2729748966797856,63.64758854121109
2005-05-31,1.6500000000000004,0.04000000000000082,0.0,13.237499999999955,1.7931328207212316,-0.14313282072123124,62.80612986988993
2005-06-30,1.5900000000000003,0.04809217340542236,0.0,-22.37570000000005,1.8605626460273994,-0.2705626460273991,62.28739963686114
2005-07-31,1.4899999999999993,0.05171810035917768,0.0,-8.998599999999897,1.8992528413611074,-0.40925284136110807,64.70829784007304
2005-08-31,1.75,0.049559968484559784,0.0,-11.586900000000014,1.877777395467697,-0.12777739546769706,56.59001166719642
2005-09-30,1.5700000000000003,0.03669046846512779,0.0,18.45119999999997,1.7628533013778678,-0.1928533013778675,66.27893079700635
2005-10-31,1.58,0.03915780041490329,0.0,-9.426500000000033,1.7784951467741341,-0.19849514677413405,65.07713170413153
2005-11-30,1.79,0.048225660033993936,0.0,-13.421600000000126,1.8644320290251404,-0.07443202902514034,55.563358056907155
2005-12-31,1.83,0.04354526927452106,0.0,2.596900000000005,1.8241083321735756,0.005891667826424474,55.65038771566851
2006-01-31,1.5899999999999999,0.03374977954072716,0.0,10.88630000000012,1.7324238608022877,-0.14242386080228786,66.329607644125
2006-02-28,1.71,0.028859264419891516,0.0,9.419799999999896,1.6850296824933824,0.0249703175066176,63.7533947533493
2006-03-31,1.4899999999999993,0.04140968370758194,0.0,-18.730499999999893,1.7974346877681788,-0.3074346877681795,67.24512265800712
2006-04-30,1.5099999999999998,0.04134062915640843,0.0,34.89560000000006,1.8122669488702747,-0.30226694887027494,67.12315831174038
2006-05-31,1.5,0.03659299959073739,0.0,5.087699999999813,1.7580557322738188,-0.25805573227381884,68.34316860249191
2006-06-30,1.63,0.04238148742305475,0.0,-2.37279999999987,1.8114948986345178,-0.18149489863451795,62.681983269667086
2006-07-31,1.7299999999999995,0.03961120572575011,0.0,10.772799999999961,1.7886865024181546,-0.058686502418155095,60.23234300783985
2006-08-31,1.7000000000000002,0.027472930399977016,0.0,13.286499999999933,1.672832085674136,0.027167914325864073,64.47402128509859
2006-09-30,1.67,0.03325228241360823,0.0,-36.215599999999995,1.714035410137164,-0.044035410137164055,63.469540470215485
2006-10-31,1.79,0.03965926301454947,0.0,38.08889999999997,1.7970411659656873,-0.007041165965687268,58.45673621444158
2006-11-30,1.6799999999999997,0.041490102089879764,0.0,-2.024799999999914,1.8030342400610446,-0.12303424006104491,61.27178265525706
2006-12-31,1.4699999999999998,0.04097618355883915,0.0,-4.825700000000097,1.7972890328694362,-0.32728903286943645,68.08949650608533
2007-01-31,1.42,0.03355166591563465,0.0,6.8551000000002205,1.7293562675112621,-0.3093562675112622,71.44280022604485
2007-02-28,1.6600000000000001,0.04477456761111135,0.0,1.7528999999999542,1.8356711185807733,-0.1756711185807731,61.08880693612713
2007-03-31,1.5099999999999998,0.034288690347027785,0.0,-13.709600000000137,1.7304926825285178,-0.22049268252851806,68.44079195313343
2007-04-30,1.5300000000000002,0.03345216912320768,0.0,-16.310600000000022,1.7217068343906654,-0.19170683439066516,68.01588745873502
2007-05-31,1.5199999999999996,0.02321739905863019,0.0,-1.2104999999999109,1.6277713228220243,-0.10777132282202473,70.90549379519533
2007-06-30,1.6399999999999997,0.058006567772640995,0.0,-10.172000000000025,1.959310691983176,-0.3193106919831763,58.031890610002534
2007-07-31,1.9100000000000001,0.06005156514355444,0.0,4.355299999999943,1.9831493741750765,-0.07314937417507639,48.20563492955133
2007-08-31,1.9100000000000001,0.04857002799101212,0.0,-2.8444999999999254,1.8707957717862131,0.039204228213786996,51.389282500349466
2007-09-30,1.83,0.06007534951248885,0.0,-15.026800000000094,1.977777268923266,-0.14777726892326593,50.80591430997972
2007-10-31,1.8499999999999996,0.04994759158119617,0.0,-26.782899999999927,1.8771093314552838,-0.027109331455284158,52.856340697234856
2007-11-30,2.1299999999999994,0.07446315803645444,0.0,1.6282000000001062,2.120775962368535,0.009224037631464288,36.70409514156331
2007-12-31,2.13,0.08512455859615692,0.0,-14.883299999999963,2.218401170689609,-0.08840117068960929,33.79100420172791
2008-01-31,2.01,0.07892431576547058,0.0,-14.681900000000041,2.1589098000862887,-0.14890980008628896,39.31905170461048
2008-02-29,2.7100000000000004,0.09846923619176993,0.0,5.820799999999963,2.3525512297781277,0.3574487702218727,16.3981203970446
2008-03-31,2.3999999999999995,0.10401465098267508,0.0,17.26319999999987,2.409117900036568,-0.009117900036568649,22.225860961419983
2008-04-30,2.2600000000000002,0.06152041860034736,0.0,-13.740199999999959,1.9920280481940285,0.2679719518059718,35.7429433947856
2008-05-31,2.0200000000000005,0.06507504825017017,0.0,8.86440000000016,2.0326998013368693,-0.012699801336868877,43.01542636231112
2008-06-30,2.46,0.07016646872497867,0.0,17.453399999999874,2.0840816299898575,0.3759183700101425,27.839318545872793
2008-07-31,2.5299999999999994,0.06833042967117717,0.0,-7.098199999999906,2.059353301670959,0.47064669832904027,26.120764274073213
2008-08-31,2.5700000000000003,0.051176631571916584,0.0,8.323399999999992,1.899057627650785,0.6709423723492154,29.010945768635523
2008-09-30,2.2399999999999998,0.12393162477369403,0.0,7.319600000000037,2.59753508929481,-0.35753508929481015,22.12681779754805
2008-10-31,2.45,0.10321267917682017,0.0,120.74959999999987,2.4313182804269604,0.018681719573039768,21.89785842898691
2008-11-30,3.0399999999999996,0.1143490895709903,0.0,-19.09999999999991,2.4978666046680598,0.5421333953319398,9.263217199053395
2008-12-31,2.8499999999999996,0.08514133907243711,0.0,-0.1770000000001346,2.222811784477002,0.6271882155229975,15.757821552705
2009-01-31,2.2299999999999995,0.08980401942431074,7377.0,34.59270000000015,2.259510169073381,-0.029510169073381665,29.498060476722276
2009-02-28,2.0500000000000003,0.11016437934373599,61368.0,-15.969700000000103,2.3077534999592975,-0.2577534999592972,25.796892569583846
2009-03-31,2.1399999999999997,0.13421908174608405,167411.0,13.480800000000045,2.2866690125610054,-0.14666901256100573,14.073077297603026
2009-04-30,1.62,0.0736400512143848,129997.0,-12.40949999999998,1.7893166490617736,-0.16931664906177346,43.1882103841512
2009-05-31,1.44,0.0910128196098407,61399.0,4.600099999999884,2.1296819434849095,-0.6896819434849095,50.60765719755259
2009-06-30,1.8900000000000001,0.09483067616998854,39674.0,49.67430000000013,2.232768716788359,-0.34276871678835885,36.4279311805321
2009-07-31,1.73,0.09012689466999974,75662.0,2.27800000000002,2.085447578830736,-0.3554475788307361,39.59582720971753
2009-08-31,1.7399999999999998,0.07658795130903016,79976.0,44.22550000000001,1.956932509244398,-0.21693250924439833,43.031442528817955
2009-09-30,1.73,0.056707268367594404,69501.0,1.5552999999999884,1.779405621018838,-0.04940562101883805,49.44738047009081
2009-10-31,1.62,0.0748076899535773,81701.0,11.75279999999998,1.926211471049744,-0.3062114710497439,47.22253521328246
2009-11-30,1.5700000000000003,0.0518560277985857,78058.0,15.162199999999984,1.7157133718082052,-0.14571337180820487,55.806503313788795
2009-12-31,1.2899999999999996,0.05395765535518241,56133.0,49.998800000000074,1.7998501564522955,-0.5098501564522959,66.6347712052171
2010-01-31,1.3500000000000005,0.048672863271516084,61471.0,-0.9782000000000153,1.7212435527607084,-0.37124355276070786,65.21534448925706
2010-02-28,1.44,0.05318879223151907,62832.0,4.75429999999983,1.7629277657601516,-0.3229277657601517,61.03324780434025
2010-03-31,1.1500000000000004,0.04663434254668965,36137.0,26.751200000000154,1.7719414766805928,-0.6219414766805924,73.70334705439865
2010-04-30,1.3699999999999997,0.05454137791403864,27719.0,16.75759999999991,1.8656852323824573,-0.49568523238245765,65.86685208358806
2010-05-31,1.4700000000000002,0.07418124522315074,16494.0,-10.622299999999996,2.0739907169352603,-0.6039907169352601,57.9774026011435
2010-06-30,1.7200000000000002,0.06860167983504892,5217.0,14.270099999999957,2.055310974135624,-0.33531097413562394,52.08860235692162
2010-07-31,1.6,0.05237229365663897,-653.0,66.0027,1.9288128111920206,-0.32881281119202055,61.709196684367996
2010-08-31,1.8900000000000001,0.06720260765915688,-14307.0,11.745400000000018,2.0891289474901367,-0.19912894749013654,48.18509902274322
2010-09-30,1.7900000000000005,0.06893060692775499,-24628.0,27.74929999999995,2.135715963975485,-0.34571596397548454,52.248955416582106
2010-10-31,1.6000000000000005,0.04925637498020496,-27502.0,24.508000000000038,1.9528838481888195,-0.352883848188819,64.2974141197024
2010-11-30,1.5900000000000003,0.0809673655599241,-13234.0,17.5150000000001,2.2203610908115032,-0.6303610908115029,54.746117800794096
2010-12-31,1.5600000000000005,0.0963105097365514,-45662.0,-20.369300000000067,2.436475133336097,-0.8764751333360965,53.860877413598025
2011-01-31,1.38,0.0663791418759732,-27064.0,12.22440000000006,2.112711738652435,-0.7327117386524349,66.72865456669435
2011-02-28,1.5300000000000002,0.058991524815011326,-6876.0,-10.731400000000122,1.985508321445957,-0.45550832144595677,62.024817499862635
2011-03-31,1.3900000000000001,0.06012289002336791,-21046.0,11.241500000000087,2.0375496034948837,-0.6475496034948836,67.5196949184307
2011-04-30,1.4600000000000004,0.03861901826080853,-10134.0,21.658899999999903,1.8072093721631053,-0.3472093721631049,69.93726498704751
2011-05-31,1.5499999999999998,0.03318777744032683,-9165.0,-6.5878999999999905,1.7445020301090686,-0.19450203010906875,68.24344375747062
2011-06-30,1.3299999999999996,0.061682752084857455,-9003.0,-18.047199999999975,2.0144695864726323,-0.6844695864726327,67.80536928596848
2011-07-31,1.73,0.0629776982446212,-11568.0,10.40560000000005,2.0414323937365304,-0.3114323937365304,54.72771300499627
2011-08-31,1.9899999999999998,0.1021506823509368,-12340.0,17.101599999999962,2.4214973156196904,-0.4314973156196906,35.112836456120355
2011-09-30,2.09,0.07704667725600221,-14062.0,1.7133000000001175,2.1801742943844635,-0.09017429438446367,38.469236544635514
2011-10-31,1.9299999999999997,0.0904038557964052,-21622.0,17.821299999999837,2.331696799139076,-0.4016967991390761,40.99041020535066
2011-11-30,1.9,0.0701359224580936,-22209.0,8.745300000000043,2.135855750791034,-0.23585575079103416,47.65358606889928
2011-12-31,2.0600000000000005,0.0535634914755163,10243.0,-1.6541999999999462,1.8939243617350965,0.166075638264904,43.87552896726171
2012-01-31,2.15,0.04748433325594869,-1671.0,23.5788,1.8721103255455995,0.2778896744544004,43.72991212463874
2012-02-29,1.9700000000000002,0.04895089862495444,5171.0,50.843599999999924,1.877258280621363,0.09274171937863729,49.27679301302099
2012-03-31,1.7600000000000002,0.053802991596768907,-4009.0,8.544000000000096,1.9341990060112455,-0.17419900601124527,55.59983796602684
2012-04-30,1.93,0.043969686527577434,11010.0,4.799600000000055,1.8017614663852195,0.12823853361478044,51.122601345602185
2012-05-31,2.16,0.03915171953895816,3954.0,20.22519999999986,1.7772868603804526,0.38271313961954756,45.206663333652365
2012-06-30,1.9900000000000002,0.054632974518709736,3229.0,5.802799999999934,1.9235893515702736,0.06641064842972666,46.679501185582566
2012-07-31,1.9800000000000002,0.043000553706292105,-1617.0,16.177200000000084,1.8267749056478204,0.1532250943521798,50.84811312658564
2012-08-31,2.0199999999999996,0.04638349460129824,-9765.0,16.58719999999994,1.8794100590264406,0.14058994097355892,49.192414943914926
2012-09-30,1.75,0.04716738178828663,-8618.0,2.825800000000072,1.8801433874883864,-0.1301433874883864,58.12321841804161
2012-10-31,1.6900000000000002,0.043050358109235604,17060.0,-8.881200000000035,1.7741094796164951,-0.08410947961649495,59.03606040243161
2012-11-30,1.6999999999999997,0.03599603152730004,31500.0,14.787500000000136,1.6777064973644131,0.022293502635586604,59.660207835448226
2012-12-31,1.57,0.03238900460106346,43019.0,20.642599999999902,1.6164444506533606,-0.04644445065336056,64.04261231652988
2013-01-31,1.5099999999999998,0.035956322710438984,39226.0,-12.939200000000028,1.6503249437208916,-0.14032494372089177,65.0290864833367
2013-02-28,1.6199999999999999,0.0316754373818804,50130.0,-15.093200000000024,1.5817881375105642,0.038211862489435644,61.68562865284027
2013-03-31,1.6999999999999997,0.03325944191038942,55018.0,-4.619599999999991,1.5880145420199374,0.11198545798006232,58.26060486424588
2013-04-30,1.7,0.03419133836292042,65075.0,27.83470000000011,1.58162525064529,0.11837474935471004,57.47839450457793
2013-05-31,1.65,0.052770843320549585,28927.0,-25.44730000000004,1.8335161003067635,-0.18351610030676357,56.552446568264564
2013-06-30,1.94,0.05685821965958158,43182.0,-3.9764999999999873,1.8439419941552382,0.09605800584476176,44.280032496757634
2013-07-31,1.7099999999999995,0.06446852314262028,38848.0,-27.933700000000044,1.9207636069230685,-0.21076360692306895,50.28831590363768
2013-08-31,1.73,0.056799564049300304,44377.0,-14.884399999999914,1.837289770665439,-0.10728977066543899,51.41868753314574
2013-09-30,1.6800000000000002,0.056534860716115395,50663.0,-8.889499999999998,1.8210304123596948,-0.1410304123596946,52.763154907911854
2013-10-31,1.5299999999999998,0.037225183487988034,51683.0,-1.0333000000000538,1.6353358893038608,-0.10533588930386095,63.17595334979639
2013-11-30,1.54,0.05142724866023843,46167.0,20.22700000000009,1.791438194192203,-0.25143819419220304,59.68095171374334
2013-12-31,1.4400000000000004,0.037212389129992585,57089.0,2.4407999999998538,1.622930370899764,-0.1829303708997636,65.67590699431122
2014-01-31,1.6500000000000004,0.040976183558839585,35281.0,9.475500000000011,1.7147102277134396,-0.06471022771343926,59.62173691457558
2014-02-28,1.71,0.039532988033504794,37843.0,20.48759999999993,1.697734498100603,0.012265501899396902,57.87430077074451
2014-03-31,1.6700000000000004,0.04693967760150703,33037.0,26.192600000000084,1.7823315897855476,-0.11233158978554725,57.65216602166617
2014-04-30,1.6600000000000001,0.0346616296706987,28771.0,8.301099999999906,1.6697232525666534,-0.009723252566653295,61.52254483698098
2014-05-31,1.6400000000000001,0.03404478842712511,16107.0,21.401800000000094,1.6987090714898267,-0.058709071489826625,63.49057439290824
2014-06-30,1.6099999999999999,0.034482569786019615,15915.0,12.187799999999925,1.700723155582928,-0.0907231555829282,64.27554651771584
2014-07-31,1.54,0.03885871845545197,10466.0,35.1422,1.762778350714415,-0.22277835071441499,66.01360297079277
2014-08-31,1.7499999999999996,0.02879318702484521,3949.0,7.504800000000159,1.6741361233262495,0.07586387667375005,62.1273972219282
2014-09-30,1.6800000000000002,0.03444111607062935,27970.0,41.71370000000002,1.6792287076018395,0.0007712923981606501,61.30353070142142
2014-10-31,1.63,0.039157800414903646,11606.0,-12.652300000000196,1.7490386155760909,-0.11903861557609097,62.504699286107154
2014-11-30,1.79,0.03355166591563494,11902.0,22.862300000000005,1.704729704614533,0.08527029538546693,58.99324364097992
2014-12-31,1.7000000000000002,0.05009039447885902,7042.0,43.612499999999955,1.881514575043848,-0.18151457504384783,58.110823851129204
2015-01-31,1.9800000000000002,0.05427882161755694,1840.0,19.941200000000208,1.927687066452213,0.05231293354778721,47.39084826145026
2015-02-28,1.7999999999999998,0.06124890669578241,1536.0,31.34830000000011,1.9986737794417822,-0.19867377944178233,51.861098815429685
2015-03-31,1.75,0.05650958620741642,-8299.0,12.673599999999624,1.97193113322151,-0.22193113322150992,55.59388959056636
2015-04-30,1.6300000000000003,0.041022641831764434,-13059.0,17.542700000000423,1.8362941854148642,-0.20629418541486388,64.2696992157409
2015-05-31,1.75,0.05505841054215652,3584.0,23.429899999999634,1.9318963367404538,-0.1818963367404538,55.096626890882916
2015-06-30,1.6699999999999995,0.07555823991496705,23959.0,5.476900000000114,2.073520886547878,-0.40352088654787854,50.164953333993914
2015-07-31,1.7799999999999998,0.050685773339742085,-11559.0,-7.738499999999931,1.9181109879738127,-0.13811098797381294,56.25934257936068
2015-08-31,1.63,0.0539885349380959,1778.0,10.622600000000148,1.9223587697051183,-0.2923587697051184,59.53202373090368
2015-09-30,1.7999999999999998,0.052358653262174995,4621.0,7.882399999999961,1.8989256255135183,-0.09892562551351847,53.87320454973018
2015-10-31,1.5999999999999996,0.04556523319583219,2858.0,4.56880000000001,1.8370544530439183,-0.2370544530439187,62.656085625093354
2015-11-30,1.7400000000000002,0.03473025303954126,698.0,29.423399999999674,1.7454815904690344,-0.005481590469034181,61.341289931502544
2015-12-31,1.7399999999999998,0.059545900662550874,2678.0,20.75510000000031,1.9764497626401767,-0.23644976264017692,54.232466041780356
2016-01-31,1.85,0.03544277748978729,-3288.0,-0.041300000000319415,1.7536075200798187,0.0963924799201814,57.4726738759156
2016-02-29,1.8800000000000001,0.052431361026085484,16739.0,14.657500000000255,1.871798852395378,0.008201147604622205,50.08083817276766
2016-03-31,1.93,0.04311667448966479,-7836.0,9.074499999999716,1.8411224473734054,0.08887755262659458,53.027970741961575
2016-04-30,1.83,0.03631869517270289,-8256.0,28.782000000000153,1.782558797811762,0.047441202188237996,58.61471668188906
2016-05-31,1.8,0.039048199763394964,-1752.0,12.474299999999857,1.7880767719763504,0.011923228023649646,58.17899467217659
2016-06-30,1.99,0.05586974647721849,467.0,16.82990000000018,1.9454423742969622,0.044557625703037784,46.678224381865114
2016-07-31,2.02,0.04611063300574574,-2450.0,35.13619999999992,1.8641709008872496,0.15582909911275045,48.82767322659919
2016-08-31,1.85,0.039785137210486515,2891.0,23.476000000000113,1.786922352479372,0.06307764752062806,55.974199263022456
2016-09-30,1.8199999999999998,0.03269629365918578,-7107.0,23.22519999999986,1.7433382383189653,0.07666176168103456,59.79624750883069
2016-10-31,1.6300000000000001,0.029888682361948075,-1034.0,26.094100000000253,1.7022760194728768,-0.07227601947287665,66.27289624216462
2016-11-30,1.6600000000000001,0.05473311872819212,4833.0,-3.5820000000003347,1.9178971982015365,-0.25789719820153634,57.9131206875077
2016-12-31,1.87,0.043757992467228224,713.0,1.1093000000000757,1.8239691989159295,0.04603080108407065,54.12628301133062
2017-01-31,1.7400000000000002,0.04791858174226948,3207.0,11.237800000000334,1.8607262239670046,-0.12072622396700439,57.34615832443872
2017-02-28,1.8000000000000003,0.039809068122250685,29027.0,20.984399999999823,1.7221969860746806,0.07780301392531963,55.45013107895203
2017-03-31,1.7399999999999998,0.03428869034702813,-4503.0,-2.7642000000000735,1.7447225634965007,-0.004722563496500909,61.57563486186917
2017-04-30,1.7400000000000002,0.03723157901822812,-105.0,-3.0084999999999127,1.7621075302984668,-0.02210753029846657,60.41818427537265
2017-05-31,1.7400000000000002,0.03627277609605277,1945.0,25.67489999999998,1.7561486522955225,-0.016148652295522314,60.78678651135949
2017-06-30,1.5699999999999998,0.03355876154137048,-678.0,-14.380299999999806,1.7249546995790332,-0.1549546995790334,66.8260283182422
2017-07-31,1.62,0.031029939459451664,-1281.0,14.123699999999644,1.710385262467237,-0.090385262467237,66.20737034549786
2017-08-31,1.6999999999999997,0.031486958751658814,-1446.0,-3.567199999999957,1.7100683204317901,-0.0100683204317904,63.38098587084744
2017-09-30,1.5,0.03927922024247979,607.0,23.920000000000073,1.7878050799517504,-0.2878050799517504,67.80094012155926
2017-10-31,1.56,0.02879318702484514,2403.0,5.846199999999953,1.6774565155333234,-0.11745651553332337,68.26575125006885
2017-11-30,1.48,0.02960051479603971,-3468.0,29.014200000000073,1.7063342368395624,-0.22633423683956244,71.06686592855371
2017-12-31,1.5900000000000003,0.03213809488531069,-2169.0,11.61889999999994,1.722487114504677,-0.13248711450467665,66.90917714618476
2018-01-31,1.4300000000000002,0.025810665938533338,-4183.0,-21.10259999999971,1.657210857148705,-0.22721085714870481,72.98595539241128
2018-02-28,1.5300000000000002,0.040573272929239526,-771.0,-2.610700000000179,1.7959542650111633,-0.26595426501116304,66.41602475046167
2018-03-31,1.7000000000000002,0.034709680274557404,-5604.0,-2.1575000000002547,1.751647186058959,-0.051647186058958905,62.876444765784726
2018-04-30,1.63,0.03178049716414284,-9401.0,8.22970000000032,1.7358475904837267,-0.10584759048372683,66.27566555204712
2018-05-31,1.7299999999999995,0.04953113498935214,-10379.0,30.26389999999992,1.9151022197806313,-0.1851022197806318,58.57037991791771
2018-06-30,1.6999999999999997,0.03223426157131118,-13317.0,23.36920000000009,1.7542048179209675,-0.05420481792096776,64.38089755177585
2018-07-31,1.58,0.029431114083407834,-11743.0,3.9542999999998756,1.7178038035928802,-0.13780380359288014,68.54020012316055
2018-08-31,1.6599999999999997,0.027490258014692782,-12522.0,-7.490499999999884,1.6977706089685722,-0.03777060896857254,66.52141197156635
2018-09-30,1.67,0.026627948081812642,-15243.0,8.17009999999982,1.700701327676719,-0.03070132767671918,66.77674380287971
2018-10-31,1.7100000000000004,0.0432600112277917,-12774.0,-3.148200000000088,1.8511035831401708,-0.14110358314017035,60.82982258299752
2018-11-30,1.7999999999999998,0.028916958280403016,-15521.0,40.113700000000335,1.732599367442171,0.06740063255782891,62.33410999764993
2018-12-31,1.8599999999999999,0.033749779540727505,-16345.0,75.77489999999989,1.7913453043832022,0.06865469561679771,59.437138318643406
2019-01-31,1.83,0.04484895284651204,-15314.0,14.408500000000004,1.8776801208073262,-0.04768012080732609,56.70305214914866
2019-02-28,1.6199999999999997,0.03734651127966306,-14200.0,23.91509999999971,1.8056327872092583,-0.1856327872092587,65.68629194216896
2019-03-31,1.6499999999999995,0.03249908423618377,-14886.0,29.532300000000305,1.7623853120159734,-0.1123853120159739,66.08170646733755
2019-04-30,1.6900000000000004,0.03234486784932928,-9330.0,41.96360000000004,1.7508410821022957,-0.06084108210229533,64.53118577349956
2019-05-31,1.85,0.03932162860552153,-27988.0,9.210599999999886,1.854240853008028,-0.004240853008028012,58.56481871995468
2019-06-30,1.73,0.0389199422502398,-22679.0,45.0295000000001,1.8476848296742487,-0.11768482967424876,62.59850193828694
2019-07-31,1.73,0.03612148813050203,-20951.0,23.12609999999995,1.8102313391797349,-0.0802313391797349,62.99407554562249
2019-08-31,2.08,0.050980855416986826,-22170.0,63.49629999999979,1.9676076490412775,0.11239235095872258,47.33111927537746
2019-09-30,1.9600000000000002,0.055703295619354824,-22348.0,58.60310000000027,2.0119873837451014,-0.05198738374510126,50.16070795845338
2019-10-31,2.09,0.046542351425240325,-21495.0,-11.287700000000314,1.9017103934894892,0.18828960651051063,47.42409355860632
2019-11-30,1.9000000000000001,0.050313304119573236,-22038.0,29.770400000000336,1.9511265626193828,-0.05112656261938264,53.468846355268624
2019-12-31,1.8200000000000003,0.0496319789383158,-3744.0,-16.211500000000342,1.8863344582192834,-0.06633445821928308,54.4186287300681
2020-01-31,1.9999999999999998,0.038272207994339655,-32692.0,15.689700000000357,1.8575951341097607,0.14240486589023904,54.151304508458985
2020-02-29,2.3200000000000003,0.05233591137113899,-15445.0,41.26409999999987,1.957669811187103,0.36233018881289736,37.967718624096435
2020-03-31,2.8,0.13899297686950843,12720.0,124.11879999999974,2.7446775145308444,0.055322485469155414,9.877496188392096
2020-04-30,2.59,0.05031330411957316,220157.0,-4.072099999999864,1.3460975391126795,1.2439024608873204,15.752362681389318
2020-05-31,2.5,0.04206004777752519,230390.0,9.382399999999961,1.2455678016936191,1.2544321983063809,18.441386778835405
2020-06-30,2.4699999999999998,0.04806245936279255,108331.0,151.54829999999993,1.6442849092407925,0.8257150907592072,26.219756134575306
2020-07-31,2.4400000000000004,0.021525179054619255,-10061.0,104.86320000000023,1.6668962500334963,0.7731037499665041,42.50016321621989
2020-08-31,2.1900000000000004,0.026385421660275972,15848.0,63.34479999999985,1.6379016657367302,0.5520983342632702,47.17764322503911
2020-09-30,2.21,0.027619868624908905,33547.0,66.44260000000031,1.6071535254495803,0.6028464745504196,44.650518448670944
2020-10-31,1.9300000000000002,0.0334521691232079,17530.0,64.60579999999982,1.702003950562248,0.2279960494377522,54.141509269012865
2020-11-30,1.8800000000000003,0.05252663723338572,3287.0,90.91550000000007,1.9278103872721715,-0.04781038727217113,51.984017975442576
2020-12-31,1.7399999999999998,0.02290768222151658,35876.0,49.067099999999755,1.5511510585605106,0.18884894143948916,61.836070371318094
2021-01-31,1.6199999999999999,0.03400280100507246,30301.0,84.53700000000026,1.6816639607888717,-0.06166396078887182,63.61067777748054
2021-02-28,1.5300000000000002,0.05028963729286288,110909.0,53.91559999999981,1.6311281894787064,-0.10112818947870617,55.222660832332075
2021-03-31,1.43,0.04202606900711222,4005.0,106.98100000000022,1.8298363515780265,-0.39983635157802655,69.71054805288757
2021-04-30,1.33,0.03295740396618883,6622.0,68.45589999999993,1.725173461061618,-0.395173461061618,74.11699779617595
2021-05-31,1.37,0.0283431355593099,52960.0,81.11739999999963,1.570628484103473,-0.2006284841034729,70.9672616851165
2021-06-30,1.57,0.041306058589395345,75372.0,57.49120000000039,1.6332199342965765,-0.06321993429657646,59.37411809031432
2021-07-31,1.5599999999999998,0.048476798574164176,65142.0,26.91529999999966,1.7183980856452388,-0.15839808564523894,58.29646068318447
2021-08-31,1.57,0.034002801005072525,53288.0,40.9347000000007,1.6125690361092513,-0.042569036109251224,62.98872523799153
2021-09-30,1.4899999999999998,0.04140968370758205,56617.0,101.78599999999915,1.6931090997084897,-0.2031090997084899,63.94594429991771
2021-10-31,1.59,0.039496835316264044,33093.0,85.92680000000018,1.7279704273655536,-0.13797042736555354,62.928644874014324
2021-11-30,1.6700000000000002,0.06405726604635432,81949.0,61.03990000000067,1.8365923784050917,-0.16659237840509156,48.99529288895175
2021-12-31,1.5899999999999999,0.04237586914405847,5766.0,51.42499999999927,1.8128147647415722,-0.22281476474157236,64.03011407300771
2022-01-31,1.7599999999999998,0.04859453232029972,45328.0,70.72080000000005,1.7808841073819868,-0.020884107381986983,53.47505777551732
2022-02-28,2.06,0.06196004857202499,57047.0,53.065200000000004,1.8753479655202383,0.18465203447976175,38.210423731865426
2022-03-31,2.35,0.07507456610724138,-2617.0,-23.384000000000015,2.1258526659148584,0.22414733408514165,29.703720841687588
2022-04-30,2.2099999999999995,0.06152815847816643,-238.0,-9.105599999999868,1.9940265121757568,0.21597348782424275,37.42974659866016
2022-05-31,2.2499999999999996,0.07567159623128457,-7566.0,-9.684599999999591,2.1477085863833465,0.10229141361665306,33.06140261900277
2022-06-30,2.72,0.10170920265522682,1882.0,-34.42330000000038,2.3674149876129484,0.35258501238705175,15.41414474050797
2022-07-31,2.63,0.07559604424017158,8051.0,-27.36989999999969,2.1034903327096535,0.5265096672903464,21.444679233575695
2022-08-31,2.4,0.05965775405634792,-8091.0,-62.27230000000054,1.9800002306477869,0.41999976935221306,32.00651782427074
2022-09-30,2.87,0.09565065404401422,-11130.0,-45.21209999999974,2.3380888312452153,0.5319111687547848,14.141746606061806
2022-10-31,2.9800000000000004,0.08200464562914703,-19639.0,-89.65170000000035,2.2150990303396862,0.7649009696603142,14.287597087163554
2022-11-30,2.9,0.08969259671099941,-19763.0,-31.23439999999937,2.3061218145569793,0.5938781854430206,14.898333212111332
2022-12-31,2.54,0.0764510425354814,-17354.0,-20.351700000000164,2.1761686592725,0.36383134072750023,25.134455088885343
2023-01-31,2.61,0.07547311094814194,-16667.0,-18.9366,2.1654966585535638,0.4445033414464361,23.499904565706316
2023-02-28,2.58,0.06402380509660212,-4487.0,-3.61620000000039,2.0300247650581738,0.5499752349418263,26.036821308458304
2023-03-31,2.8400000000000003,0.10026393739953175,-25768.0,-218.02679999999964,2.368437340116115,0.47156265988388535,13.782972159731697
2023-04-30,2.9899999999999998,0.06289825495346073,-18704.0,18.155399999999645,2.060447093001868,0.9295529069981319,17.532809918523807
2023-05-31,2.93,0.06862250082187098,-17540.0,-47.50899999999956,2.0935901930077345,0.8364098069922656,17.367793590738223
2023-06-30,2.9,0.06493219907095817,-20098.0,-8.752400000000307,2.0756328448519517,0.8243671551480483,18.979847930137115
2023-07-31,2.8399999999999994,0.07068036704569637,-20579.0,-24.54449999999997,2.127459480932878,0.7125405190671215,19.19834765706471
2023-08-31,3.09,0.07269636789250189,-18689.0,-20.618399999999838,2.1433112965555368,0.9466887034444631,13.997492494840552
2023-09-30,2.7199999999999998,0.051759517183293885,-19144.0,3.7096999999998843,1.9503735385449354,0.7696264614550643,25.96706385610335
2023-10-31,2.91,0.08230894182749514,-16819.0,-45.76429999999982,2.2237722594802127,0.6862277405197874,15.592712959094964
2023-11-30,2.8499999999999996,0.08393875318179526,-15872.0,5.98050000000012,2.252050015042277,0.5979499849577228,16.7211338379259
2023-12-31,2.7300000000000004,0.07551726387295322,-15262.0,94.48859999999968,2.195242299584485,0.5347577004155153,21.28324234978354
2024-01-31,2.7,0.05134384555319701,-14617.0,-10.161299999999756,1.9312470340588936,0.7687529659411065,26.189522471040213
2024-02-29,2.6900000000000004,0.07435756598388413,-13921.0,23.319499999999607,2.1602436768721534,0.529756323127847,21.88902680207338
2024-03-31,2.59,0.04305035810923528,-14800.0,121.50669999999991,1.8900889146307096,0.6999110853692903,32.435896129981096
2024-04-30,2.4799999999999995,0.0655852770934806,-3715.0,-70.3219999999992,2.0238494642607927,0.45615053573920683,27.86327446129352
2024-05-31,2.5200000000000005,0.0466445525834943,-30078.0,11.978499999999258,1.9305095430152872,0.5894904569847133,33.89037160230543
2024-06-30,2.5,0.06667976061887557,-18645.0,82.34460000000036,2.115168892172494,0.3848311078275062,29.350576385606114
2024-07-31,2.6900000000000004,0.04210531015035071,-17807.0,25.744800000000396,1.8607318938060597,0.8292681061939406,29.07530685311704
2024-08-31,2.4399999999999995,0.06507504825017027,-18392.0,32.462399999999434,2.0847211264019636,0.3552788735980359,31.06331319076324
2024-09-30,2.27,0.03874827185086649,-17720.0,53.967900000000554,1.8364309415995324,0.43356905840046767,43.69334605347592
2024-10-31,2.4399999999999995,0.043654487578190175,-16115.0,20.782899999999245,1.8700185596037873,0.5699814403962122,36.20148258213692
2024-11-30,2.63,0.07032915807963698,-16981.0,16.414600000000064,2.1270787220133185,0.5029212779866814,24.332189492654738
2024-12-31,2.2699999999999996,0.045266407180686426,-3503.0,-2.019899999999325,1.84791420306619,0.42208579693380965,40.14883244627754
2025-01-31,2.37,0.049899899799499346,-27920.0,-24.30030000000079,1.9459884801430893,0.42401151985691077,37.35656114121084
2025-02-28,2.5199999999999996,0.05626891216462754,-14250.0,45.13580000000002,1.9936256505314147,0.5263743494685849,30.607728151762846
2025-03-31,2.42,0.05536029176911907,-14310.0,37.8695000000007,1.982946739347938,0.43705326065206185,33.83314238674265
2025-04-30,2.6399999999999997,0.07450790945549786,-16054.0,78.80220000000008,2.1829619347319973,0.4570380652680024,23.614744329221022
2025-05-31,2.4799999999999995,0.05850518902505336,-16784.0,8.568399999999201,2.0107653162582686,0.46923468374173094,31.133134013988656
2025-06-30,2.5299999999999994,0.04836370146140271,-17665.0,15.834000000000742,1.9176271753353504,0.6123728246646489,32.236414781393556
2025-07-31,2.3499999999999996,0.04697010193932473,-17824.0,45.19849999999951,1.9131182739806065,0.4368817260193931,38.6442484389741
2025-08-31,2.329999999999999,0.04328202090167935,-17826.0,55.310999999999694,1.8806234610316668,0.4493765389683324,40.41295034422184
2025-09-30,2.1399999999999997,0.03979112128771206,-3631.0,3.614900000000489,1.797270196879329,0.3427298031206707,46.204043735519114
2025-10-31,2.0599999999999996,0.03943046924349199,-29252.0,3.8890000000001237,1.8568550740421945,0.2031449259578051,51.31293234907396
2025-11-30,2.210000000000001,0.03745473458532595,-16298.0,7.125100000000202,1.8069769839328271,0.4030230160671737,45.5446305446756
2025-12-31,1.9700000000000006,0.029928486191492548,-14641.0,-35.08899999999994,1.7184215377062713,0.2515784622937294,55.48825614663193
2026-01-31,1.8399999999999999,0.030095087401673312,-15314.0,46.21469999999954,1.7451687414483286,0.0948312585516713,60.73192650552474
2026-02-28,2.0100000000000002,0.03667099541547752,-13292.0,32.01469999999972,1.7992536618289483,0.21074633817105193,52.755939648235426
2026-03-31,2.08,0.056357701125849174,-13738.0,38.99070000000029,1.991444403840125,0.08855559615987496,44.84673851268177
2026-04-30,1.8999999999999995,0.032300670787669565,-15620.0,-48.61840000000029,1.739701670832083,0.16029832916791653,57.188208927049345
2026-05-31,2.08,0.04972783066711448,-16274.0,30.305900000000292,1.9314918209146184,0.14850817908538172,46.844202872111566
2026-06-30,2.09,0.04377431297222779,-3196.0,18.05029999999988,1.8386283903226377,0.25137160967736216,46.93176625690218
